urea_concentration_pct,status,risk_index,hue_deg,saturation,value,r,g,b,L,a,b_cielab,hex_color
1.13,SUSPECTED_ADULTERATION,1,115.5,0.552,0.698,87.0,178.0,79.6,65.3,-46.8,41.6,#56B14F
1.54,HIGH_RISK_ADULTERATION,2,171.9,0.785,0.719,39.4,183.3,163.9,67.4,-40.9,-0.6,#27B7A3
2.14,HIGH_RISK_ADULTERATION,2,199.3,0.765,0.632,37.9,121.5,161.2,48.0,-10.9,-28.3,#2579A1
1.04,SUSPECTED_ADULTERATION,1,102.4,0.711,0.744,94.4,189.7,54.8,69.0,-51.8,56.5,#5EBD36
0.8,SUSPECTED_ADULTERATION,1,87.3,0.671,0.767,135.9,195.6,64.4,72.8,-39.7,57.4,#87C340
1.92,HIGH_RISK_ADULTERATION,2,189.3,0.775,0.736,42.3,165.2,187.8,62.6,-24.9,-21.0,#2AA5BB
0.18,NEGATIVE,0,45.1,0.806,0.922,235.2,188.2,45.6,78.4,4.1,72.0,#EBBC2D
0.67,SUSPECTED_ADULTERATION,1,73.0,0.662,0.755,164.9,192.4,65.1,73.7,-27.0,58.6,#A4C041
0.26,NEGATIVE,0,48.8,0.807,0.902,230.0,195.3,44.4,79.7,-1.8,73.4,#E6C32C
1.0,SUSPECTED_ADULTERATION,1,100.3,0.626,0.724,106.9,184.7,69.0,68.1,-44.7,49.9,#6AB845
0.04,NEGATIVE,0,45.0,0.819,0.85,216.6,172.2,39.3,72.5,4.3,68.1,#D8AC27
0.87,SUSPECTED_ADULTERATION,1,94.4,0.69,0.736,113.4,187.7,58.2,69.2,-44.7,55.7,#71BB3A
0.08,NEGATIVE,0,47.3,0.729,0.866,220.8,186.8,59.9,76.8,-0.8,65.2,#DCBA3B
0.11,NEGATIVE,0,48.5,0.808,0.887,226.2,191.2,43.5,78.3,-1.4,72.2,#E2BF2B
0.75,SUSPECTED_ADULTERATION,1,83.7,0.617,0.735,141.9,187.5,71.8,70.9,-33.3,52.2,#8DBB47
0.27,NEGATIVE,0,49.7,0.761,0.9,229.6,199.6,54.8,80.8,-3.9,71.1,#E5C736
0.26,NEGATIVE,0,50.3,0.776,0.887,226.3,198.0,50.7,80.1,-4.6,71.6,#E2C532
0.47,SUSPECTED_ADULTERATION,1,55.5,0.6,0.766,195.3,186.5,78.1,74.5,-10.5,54.7,#C3BA4E
1.22,SUSPECTED_ADULTERATION,1,117.6,0.687,0.713,61.8,181.7,56.9,65.5,-56.9,51.7,#3DB538
0.04,NEGATIVE,0,46.8,0.814,0.848,216.3,177.6,40.3,73.9,1.3,68.9,#D8B128
0.22,NEGATIVE,0,45.9,0.722,0.902,230.1,191.1,63.9,78.7,1.1,65.9,#E6BF3F
0.93,SUSPECTED_ADULTERATION,1,102.9,0.638,0.709,98.4,180.8,65.4,66.5,-46.2,49.6,#62B441
0.02,NEGATIVE,0,52.8,0.813,0.911,232.2,209.4,43.3,83.5,-8.1,77.0,#E8D12B
0.22,NEGATIVE,0,45.8,0.743,0.888,226.5,186.6,58.2,77.2,1.7,66.4,#E2BA3A
0.22,NEGATIVE,0,47.2,0.721,0.87,221.7,187.7,61.8,77.1,-0.8,64.8,#DDBB3D
0.81,SUSPECTED_ADULTERATION,1,98.8,0.671,0.71,102.5,181.2,59.7,66.7,-45.5,52.3,#66B53B
0.68,SUSPECTED_ADULTERATION,1,75.3,0.619,0.744,159.9,189.8,72.2,72.7,-27.2,54.4,#9FBD48
1.57,HIGH_RISK_ADULTERATION,2,172.0,0.683,0.656,53.0,167.2,152.0,62.3,-35.2,-1.4,#35A798
0.25,NEGATIVE,0,54.2,0.785,0.929,237.0,219.0,50.9,86.5,-10.7,77.6,#EDDA32
0.43,SUSPECTED_ADULTERATION,1,54.6,0.756,0.717,182.9,170.4,44.5,68.8,-9.3,61.9,#B6AA2C
1.21,SUSPECTED_ADULTERATION,1,119.5,0.642,0.748,69.2,190.8,68.3,68.7,-57.4,50.5,#45BE44
0.44,SUSPECTED_ADULTERATION,1,53.1,0.586,0.757,193.0,179.9,79.9,72.6,-7.9,51.6,#C1B34F
3.0,HIGH_RISK_ADULTERATION,2,221.4,0.802,0.691,34.8,78.6,176.2,36.0,21.6,-56.2,#224EB0
0.48,SUSPECTED_ADULTERATION,1,67.4,0.659,0.701,164.3,178.8,60.9,69.8,-20.8,56.1,#A4B23C
0.05,NEGATIVE,0,54.0,0.773,0.889,226.6,209.2,51.5,83.0,-10.1,74.0,#E2D133
1.67,HIGH_RISK_ADULTERATION,2,177.6,0.776,0.66,37.8,168.4,163.2,62.7,-34.5,-7.2,#25A8A3
0.41,SUSPECTED_ADULTERATION,1,61.6,0.655,0.776,194.5,197.8,68.3,77.4,-17.2,61.8,#C2C544
0.19,NEGATIVE,0,45.0,0.731,0.874,222.8,182.2,59.9,75.8,2.5,64.3,#DEB63B
1.03,SUSPECTED_ADULTERATION,1,104.0,0.626,0.737,101.7,187.9,70.3,68.9,-47.5,50.2,#65BB46
1.21,SUSPECTED_ADULTERATION,1,117.6,0.615,0.741,77.4,189.0,72.7,68.4,-54.4,48.3,#4DBC48
0.49,SUSPECTED_ADULTERATION,1,62.4,0.661,0.851,211.3,216.9,73.4,83.9,-19.4,66.9,#D3D849
2.83,HIGH_RISK_ADULTERATION,2,212.7,0.726,0.696,48.5,107.2,177.4,44.8,5.1,-42.9,#306BB1
0.32,NEGATIVE,0,45.7,0.694,0.895,228.3,190.5,69.8,78.5,0.9,63.2,#E4BE45
2.45,HIGH_RISK_ADULTERATION,2,214.9,0.715,0.675,49.1,100.6,172.2,42.6,7.4,-43.3,#3164AC
0.61,SUSPECTED_ADULTERATION,1,66.2,0.595,0.823,197.0,210.0,85.0,81.1,-21.1,58.9,#C4D155
0.03,NEGATIVE,0,46.7,0.794,0.952,242.7,200.1,50.1,82.2,1.3,74.3,#F2C832
0.05,NEGATIVE,0,50.7,0.797,0.889,226.6,198.7,45.9,80.3,-5.0,73.3,#E2C62D
0.04,NEGATIVE,0,47.2,0.769,0.907,231.3,193.2,53.3,79.3,0.1,70.3,#E7C135
0.22,NEGATIVE,0,51.5,0.786,0.911,232.2,206.5,49.6,82.8,-6.5,74.6,#E8CE31
2.92,HIGH_RISK_ADULTERATION,2,221.6,0.746,0.785,50.8,96.6,200.1,43.3,20.7,-58.4,#3260C8
0.44,SUSPECTED_ADULTERATION,1,53.8,0.71,0.761,193.9,179.7,56.3,72.4,-8.9,61.4,#C1B338
1.12,SUSPECTED_ADULTERATION,1,112.6,0.594,0.731,89.3,186.4,75.6,68.0,-50.0,46.6,#59BA4B
1.06,SUSPECTED_ADULTERATION,1,106.1,0.637,0.756,98.4,192.8,69.9,70.3,-50.5,51.8,#62C045
0.73,SUSPECTED_ADULTERATION,1,81.2,0.665,0.735,143.5,187.5,62.8,70.9,-33.3,56.1,#8FBB3E
0.6,SUSPECTED_ADULTERATION,1,64.2,0.693,0.737,178.7,187.9,57.6,73.4,-19.5,61.5,#B2BB39
0.26,NEGATIVE,0,46.8,0.832,0.917,234.0,191.2,39.3,79.0,1.8,74.3,#E9BF27
0.86,SUSPECTED_ADULTERATION,1,97.4,0.672,0.783,116.1,199.7,65.5,73.1,-48.2,56.9,#74C741
0.64,SUSPECTED_ADULTERATION,1,78.0,0.591,0.781,163.9,199.2,81.5,75.7,-29.4,53.8,#A3C751
0.92,SUSPECTED_ADULTERATION,1,98.6,0.741,0.779,103.9,198.7,51.5,72.2,-52.7,61.0,#67C633
1.22,SUSPECTED_ADULTERATION,1,116.3,0.726,0.776,63.1,197.8,54.3,70.6,-62.3,58.0,#3FC536
1.78,HIGH_RISK_ADULTERATION,2,181.0,0.723,0.696,49.1,175.3,177.4,65.4,-32.3,-10.9,#31AFB1
0.8,SUSPECTED_ADULTERATION,1,87.0,0.654,0.767,137.9,195.5,67.7,72.9,-38.7,56.2,#89C343
1.19,SUSPECTED_ADULTERATION,1,118.9,0.571,0.809,90.6,206.3,88.5,74.3,-55.8,48.1,#5ACE58
1.06,SUSPECTED_ADULTERATION,1,109.4,0.703,0.759,81.4,193.6,57.4,69.8,-56.6,56.2,#51C139
0.71,SUSPECTED_ADULTERATION,1,78.5,0.642,0.765,156.5,195.2,69.8,74.0,-31.3,56.8,#9CC345
0.73,SUSPECTED_ADULTERATION,1,86.3,0.613,0.717,133.8,182.9,70.8,69.0,-34.2,50.5,#85B646
0.72,SUSPECTED_ADULTERATION,1,85.2,0.693,0.784,141.7,199.8,61.4,74.4,-39.7,60.3,#8DC73D
0.32,NEGATIVE,0,47.3,0.7,0.948,241.8,205.9,72.6,83.7,-1.2,67.8,#F1CD48
0.79,SUSPECTED_ADULTERATION,1,78.6,0.587,0.686,143.0,174.9,72.2,67.2,-26.8,48.1,#8FAE48
0.11,NEGATIVE,0,49.8,0.791,0.858,218.7,189.4,45.7,77.1,-3.6,70.3,#DABD2D
1.84,HIGH_RISK_ADULTERATION,2,192.0,0.778,0.687,38.9,147.9,175.2,56.7,-20.4,-22.9,#2693AF
0.34,NEGATIVE,0,49.9,0.752,0.895,228.1,199.1,56.6,80.6,-4.2,70.2,#E4C738
1.17,SUSPECTED_ADULTERATION,1,117.3,0.637,0.745,74.5,190.1,69.0,68.6,-55.9,50.1,#4ABE45
0.23,NEGATIVE,0,43.5,0.721,0.83,211.6,169.6,59.1,71.5,4.3,59.9,#D3A93B
0.3,NEGATIVE,0,47.0,0.788,0.933,237.8,197.2,50.4,81.0,0.7,72.9,#EDC532
0.57,SUSPECTED_ADULTERATION,1,73.8,0.655,0.717,155.3,182.7,63.1,70.2,-26.3,55.6,#9BB63F
0.28,NEGATIVE,0,44.9,0.766,0.924,235.6,190.2,55.2,79.0,3.6,69.5,#EBBE37
0.45,SUSPECTED_ADULTERATION,1,54.4,0.674,0.745,189.9,178.1,62.0,71.7,-9.4,58.3,#BDB23D
0.48,SUSPECTED_ADULTERATION,1,58.9,0.597,0.724,184.6,182.6,74.5,72.5,-13.3,53.8,#B8B64A
0.89,SUSPECTED_ADULTERATION,1,94.3,0.716,0.736,110.9,187.8,53.3,69.1,-45.9,57.4,#6EBB35
0.95,SUSPECTED_ADULTERATION,1,102.4,0.669,0.745,100.1,189.9,62.8,69.4,-49.5,53.8,#64BD3E
0.18,NEGATIVE,0,55.3,0.783,0.905,230.7,216.5,50.1,85.3,-12.1,76.6,#E6D832
0.16,NEGATIVE,0,49.2,0.779,0.909,231.9,199.3,51.3,80.9,-2.9,72.4,#E7C733
0.08,NEGATIVE,0,40.7,0.735,0.886,226.0,172.7,59.8,73.7,8.9,62.4,#E1AC3B
0.18,NEGATIVE,0,51.9,0.742,0.91,232.2,208.8,60.0,83.5,-7.3,71.9,#E8D03C
0.95,SUSPECTED_ADULTERATION,1,100.6,0.633,0.793,115.5,202.1,74.2,73.8,-48.6,54.2,#73CA4A
0.24,NEGATIVE,0,57.1,0.789,0.943,240.5,231.3,50.8,89.9,-15.3,80.8,#F0E732
2.26,HIGH_RISK_ADULTERATION,2,208.0,0.719,0.702,50.3,118.9,178.9,48.4,-1.2,-38.0,#3276B2
0.5,SUSPECTED_ADULTERATION,1,65.3,0.704,0.765,182.8,195.0,57.7,75.7,-21.3,63.8,#B6C239
0.13,NEGATIVE,0,46.9,0.817,0.845,215.5,177.1,39.3,73.6,1.2,69.0,#D7B127
0.31,NEGATIVE,0,42.8,0.835,0.927,236.3,179.7,39.1,76.4,8.9,72.3,#ECB327
0.71,SUSPECTED_ADULTERATION,1,77.0,0.771,0.767,153.1,195.7,44.8,73.7,-34.4,65.6,#99C32C
0.26,NEGATIVE,0,42.5,0.768,0.903,230.3,178.8,53.4,75.6,7.2,66.8,#E6B235
0.08,NEGATIVE,0,49.2,0.807,0.879,224.2,191.7,43.3,78.2,-2.5,72.2,#E0BF2B
2.36,HIGH_RISK_ADULTERATION,2,209.0,0.803,0.67,33.6,104.6,171.0,43.2,2.4,-41.6,#2168AA
0.15,NEGATIVE,0,53.1,0.785,0.908,231.5,210.5,49.7,83.8,-8.8,75.4,#E7D231
0.55,SUSPECTED_ADULTERATION,1,65.2,0.673,0.687,165.1,175.3,57.4,68.8,-18.9,56.6,#A5AF39
0.19,NEGATIVE,0,52.0,0.684,0.876,223.5,203.1,70.6,81.3,-7.6,65.7,#DFCB46
0.32,NEGATIVE,0,48.9,0.773,0.892,227.6,194.9,51.7,79.4,-2.5,70.8,#E3C233
0.71,SUSPECTED_ADULTERATION,1,82.1,0.683,0.765,146.1,195.2,61.8,73.3,-35.9,59.0,#92C33D
2.92,HIGH_RISK_ADULTERATION,2,219.6,0.738,0.642,43.0,84.1,163.8,37.0,14.1,-47.3,#2A54A3
0.82,SUSPECTED_ADULTERATION,1,85.9,0.606,0.747,140.7,190.5,75.2,71.7,-34.8,51.7,#8CBE4B
0.55,SUSPECTED_ADULTERATION,1,70.3,0.687,0.744,167.2,189.6,59.4,73.0,-25.0,60.2,#A7BD3B
0.66,SUSPECTED_ADULTERATION,1,69.5,0.647,0.76,174.0,193.9,68.5,74.8,-23.8,58.5,#ADC144
1.23,SUSPECTED_ADULTERATION,1,125.3,0.712,0.74,54.3,188.7,66.0,67.6,-59.8,50.2,#36BC42
1.22,SUSPECTED_ADULTERATION,1,117.5,0.596,0.779,85.1,198.5,80.1,71.7,-55.3,48.8,#55C650
0.87,SUSPECTED_ADULTERATION,1,92.5,0.731,0.701,108.0,178.8,48.2,66.2,-43.6,56.3,#6CB230
0.28,NEGATIVE,0,42.2,0.729,0.887,226.3,177.4,61.4,74.9,6.5,63.0,#E2B13D
2.18,HIGH_RISK_ADULTERATION,2,196.6,0.771,0.651,38.1,130.6,166.0,51.0,-14.3,-26.4,#2682A6
0.21,NEGATIVE,0,45.8,0.802,0.923,235.3,190.6,46.7,79.0,3.0,72.3,#EBBE2E
0.14,NEGATIVE,0,49.9,0.739,0.907,231.3,202.5,60.5,81.8,-4.4,70.1,#E7CA3C
2.94,HIGH_RISK_ADULTERATION,2,213.6,0.779,0.692,39.1,99.6,176.5,42.2,8.4,-46.5,#2763B0
0.24,NEGATIVE,0,46.5,0.781,0.908,231.6,190.7,50.6,78.7,1.4,70.6,#E7BE32
0.74,SUSPECTED_ADULTERATION,1,79.9,0.718,0.708,137.6,180.6,50.9,68.4,-33.2,58.0,#89B432
1.13,SUSPECTED_ADULTERATION,1,109.8,0.553,0.738,101.7,188.1,84.0,69.1,-46.1,44.1,#65BC54
0.34,NEGATIVE,0,44.1,0.803,0.916,233.5,183.8,46.0,77.2,5.7,70.8,#E9B72D
3.2,HIGH_RISK_ADULTERATION,2,220.9,0.737,0.673,45.2,85.5,171.6,38.0,16.4,-50.3,#2D55AB
2.63,HIGH_RISK_ADULTERATION,2,211.3,0.757,0.66,41.0,101.8,168.4,42.4,4.1,-41.3,#2865A8
0.71,SUSPECTED_ADULTERATION,1,74.7,0.679,0.763,162.0,194.5,62.4,74.1,-29.3,60.0,#A2C23E
0.69,SUSPECTED_ADULTERATION,1,76.4,0.565,0.749,161.5,191.1,83.0,73.3,-26.3,50.3,#A1BF53
1.16,SUSPECTED_ADULTERATION,1,107.5,0.569,0.769,107.8,196.2,84.5,71.8,-47.6,47.2,#6BC454
0.9,SUSPECTED_ADULTERATION,1,95.1,0.614,0.697,113.8,177.8,68.6,66.3,-39.5,48.2,#71B144
0.06,NEGATIVE,0,56.3,0.797,0.912,232.5,221.2,47.2,86.6,-13.8,78.6,#E8DD2F
0.8,SUSPECTED_ADULTERATION,1,91.5,0.624,0.733,125.6,186.8,70.3,69.7,-39.1,51.4,#7DBA46
0.21,NEGATIVE,0,53.2,0.762,0.887,226.3,206.8,53.9,82.4,-9.0,72.7,#E2CE35
0.43,SUSPECTED_ADULTERATION,1,48.4,0.609,0.719,183.3,161.6,71.7,66.7,-3.0,48.6,#B7A147
0.02,NEGATIVE,0,44.8,0.772,0.933,238.0,191.5,54.3,79.6,3.9,70.4,#EEBF36
0.04,NEGATIVE,0,47.8,0.822,0.871,222.0,184.9,39.5,76.3,-0.0,71.5,#DEB827
0.11,NEGATIVE,0,47.2,0.806,0.9,229.4,190.0,44.5,78.3,0.6,72.1,#E5BE2C
0.33,NEGATIVE,0,48.0,0.772,0.864,220.2,186.1,50.3,76.5,-1.1,68.3,#DCBA32
0.16,NEGATIVE,0,46.8,0.739,0.897,228.8,191.5,59.7,78.7,0.2,67.4,#E4BF3B
0.09,NEGATIVE,0,42.8,0.743,0.944,240.7,189.3,61.8,79.3,6.5,67.6,#F0BD3D
0.35,NEGATIVE,0,44.0,0.735,0.913,232.9,187.3,61.7,78.1,4.2,66.2,#E8BB3D
0.02,NEGATIVE,0,47.3,0.791,0.905,230.7,192.2,48.2,79.0,0.2,71.6,#E6C030
0.01,NEGATIVE,0,42.3,0.69,0.93,237.2,189.0,73.5,79.0,5.7,62.5,#EDBC49
1.12,SUSPECTED_ADULTERATION,1,111.6,0.697,0.822,84.2,209.6,63.6,74.9,-61.1,59.2,#54D13F
0.29,NEGATIVE,0,44.9,0.78,0.891,227.2,182.5,49.9,76.2,3.8,68.4,#E3B631
1.24,SUSPECTED_ADULTERATION,1,124.6,0.604,0.784,79.2,200.0,88.5,72.0,-56.2,45.3,#4FC758
0.58,SUSPECTED_ADULTERATION,1,71.8,0.687,0.775,170.9,197.7,61.9,75.6,-27.3,61.9,#AAC53D
0.13,NEGATIVE,0,48.3,0.758,0.862,219.7,187.2,53.2,76.7,-1.8,67.5,#DBBB35
0.67,SUSPECTED_ADULTERATION,1,77.0,0.718,0.75,152.5,191.4,54.1,72.5,-32.1,61.3,#98BF36
0.26,NEGATIVE,0,49.4,0.782,0.861,219.5,189.2,47.8,77.2,-3.1,69.7,#DBBD2F
0.01,NEGATIVE,0,54.3,0.816,0.9,229.6,211.8,42.3,83.9,-10.5,77.5,#E5D32A
2.32,HIGH_RISK_ADULTERATION,2,206.3,0.744,0.643,42.0,110.5,163.9,44.8,-2.8,-34.9,#296EA3
0.96,SUSPECTED_ADULTERATION,1,91.7,0.644,0.79,132.8,201.4,71.7,74.4,-42.8,56.1,#84C947
0.33,NEGATIVE,0,48.1,0.746,0.867,221.2,188.6,56.1,77.2,-1.7,67.0,#DDBC38
0.26,NEGATIVE,0,52.5,0.824,0.896,228.5,205.0,40.2,82.0,-7.6,76.4,#E4CC28
0.84,SUSPECTED_ADULTERATION,1,88.2,0.621,0.76,137.2,193.8,73.4,72.4,-37.7,53.2,#89C149
0.04,NEGATIVE,0,49.1,0.764,0.907,231.4,199.2,54.6,80.9,-2.9,71.3,#E7C736
0.37,NEGATIVE,0,46.3,0.838,0.865,220.6,178.5,35.8,74.5,2.6,70.9,#DCB223
1.15,SUSPECTED_ADULTERATION,1,113.2,0.644,0.799,87.3,203.6,72.5,73.2,-57.4,53.9,#57CB48
2.38,HIGH_RISK_ADULTERATION,2,209.0,0.735,0.642,43.4,105.6,163.8,43.4,0.3,-37.1,#2B69A3
0.57,SUSPECTED_ADULTERATION,1,75.9,0.633,0.826,175.4,210.7,77.3,79.7,-30.6,60.2,#AFD24D
0.27,NEGATIVE,0,47.7,0.785,0.911,232.3,194.8,49.9,79.8,-0.4,71.9,#E8C231
0.75,SUSPECTED_ADULTERATION,1,85.9,0.632,0.73,135.4,186.3,68.6,70.1,-35.4,52.7,#87BA44
0.14,NEGATIVE,0,49.0,0.781,0.91,232.1,198.8,50.9,80.8,-2.5,72.4,#E8C632
1.21,SUSPECTED_ADULTERATION,1,114.2,0.578,0.748,91.1,190.7,80.5,69.4,-50.6,46.1,#5BBE50
0.57,SUSPECTED_ADULTERATION,1,63.0,0.63,0.727,179.5,185.3,68.6,72.8,-17.2,56.5,#B3B944
0.02,NEGATIVE,0,44.5,0.809,0.902,230.0,181.8,43.9,76.3,5.1,70.5,#E5B52B
0.61,SUSPECTED_ADULTERATION,1,70.8,0.645,0.749,168.8,191.0,67.8,73.6,-24.5,57.4,#A8BE43
3.17,HIGH_RISK_ADULTERATION,2,214.1,0.706,0.694,52.0,105.9,177.1,44.5,6.3,-43.1,#3469B1
0.21,NEGATIVE,0,39.2,0.712,0.875,223.1,168.2,64.3,72.3,10.2,59.1,#DFA840
0.62,SUSPECTED_ADULTERATION,1,70.5,0.702,0.723,161.7,184.4,54.9,71.1,-25.0,59.8,#A1B836
0.72,SUSPECTED_ADULTERATION,1,81.1,0.655,0.744,146.0,189.7,65.4,71.7,-33.2,55.9,#92BD41
0.36,NEGATIVE,0,55.2,0.771,0.862,219.7,206.2,50.3,81.6,-11.6,72.9,#DBCE32
0.32,NEGATIVE,0,45.4,0.796,0.917,233.8,188.4,47.7,78.3,3.5,71.3,#E9BC2F
0.27,NEGATIVE,0,52.1,0.837,0.916,233.6,207.6,38.0,83.2,-6.8,78.1,#E9CF25
0.09,NEGATIVE,0,46.9,0.745,0.904,230.4,192.9,58.7,79.2,0.1,68.3,#E6C03A
0.82,SUSPECTED_ADULTERATION,1,86.8,0.671,0.741,132.4,188.9,62.2,70.6,-38.2,55.9,#84BC3E
0.05,NEGATIVE,0,49.6,0.827,0.949,242.1,207.3,42.0,83.9,-2.9,78.0,#F2CF29
0.21,NEGATIVE,0,44.0,0.776,0.928,236.7,187.6,52.9,78.5,5.3,69.8,#ECBB34
0.35,NEGATIVE,0,51.1,0.8,0.936,238.7,210.4,47.8,84.4,-5.7,76.7,#EED22F
0.2,NEGATIVE,0,49.2,0.663,0.911,232.4,204.6,78.4,82.5,-4.1,64.1,#E8CC4E
0.53,SUSPECTED_ADULTERATION,1,67.0,0.592,0.722,171.3,184.0,75.1,71.9,-19.5,52.5,#ABB74B
0.3,NEGATIVE,0,55.9,0.78,0.912,232.6,220.1,51.2,86.4,-13.0,77.3,#E8DC33
0.35,NEGATIVE,0,44.5,0.776,0.899,229.2,183.3,51.4,76.6,4.3,68.4,#E5B733
0.45,SUSPECTED_ADULTERATION,1,62.8,0.652,0.739,182.6,188.4,65.6,73.9,-17.6,59.0,#B6BC41
1.18,SUSPECTED_ADULTERATION,1,111.9,0.598,0.794,97.7,202.5,81.4,73.3,-53.3,50.2,#61CA51
0.8,SUSPECTED_ADULTERATION,1,88.1,0.573,0.759,141.6,193.6,82.6,72.7,-35.2,49.5,#8DC152
1.38,HIGH_RISK_ADULTERATION,2,161.5,0.763,0.665,40.1,169.5,129.6,62.2,-43.8,10.9,#28A981
1.21,SUSPECTED_ADULTERATION,1,124.8,0.716,0.746,54.0,190.1,65.0,68.1,-60.4,51.1,#36BE40
0.83,SUSPECTED_ADULTERATION,1,89.2,0.691,0.748,126.6,190.6,58.9,70.8,-41.3,57.3,#7EBE3A
0.16,NEGATIVE,0,50.2,0.78,0.91,232.1,202.6,51.0,81.8,-4.5,73.3,#E8CA33
0.96,SUSPECTED_ADULTERATION,1,100.3,0.588,0.808,124.5,206.0,84.8,75.5,-46.3,51.5,#7CCD54
1.77,HIGH_RISK_ADULTERATION,2,181.4,0.752,0.666,42.1,167.0,169.9,62.5,-31.4,-11.1,#2AA6A9
0.11,NEGATIVE,0,49.2,0.793,0.912,232.6,199.4,48.2,81.0,-2.7,73.5,#E8C730
1.21,SUSPECTED_ADULTERATION,1,109.3,0.652,0.75,88.8,191.2,66.6,69.4,-52.9,52.2,#58BF42
0.37,NEGATIVE,0,48.7,0.76,0.915,233.2,199.9,56.0,81.2,-2.4,71.2,#E9C737
0.33,NEGATIVE,0,51.5,0.758,0.924,235.7,210.2,57.1,84.1,-6.6,73.6,#EBD239
0.86,SUSPECTED_ADULTERATION,1,93.8,0.655,0.72,115.8,183.5,63.3,68.1,-41.7,52.5,#73B73F
0.35,NEGATIVE,0,49.9,0.742,0.913,232.8,203.8,60.1,82.2,-4.4,70.7,#E8CB3C
2.75,HIGH_RISK_ADULTERATION,2,232.2,0.695,0.754,58.6,75.9,192.2,37.6,32.1,-63.0,#3A4BC0
0.62,SUSPECTED_ADULTERATION,1,73.8,0.642,0.808,175.6,206.1,73.7,78.4,-28.6,60.2,#AFCE49
1.62,HIGH_RISK_ADULTERATION,2,179.3,0.707,0.703,52.5,179.2,177.7,66.7,-33.6,-9.2,#34B3B1
1.06,SUSPECTED_ADULTERATION,1,101.7,0.639,0.686,97.3,175.0,63.3,64.6,-44.3,48.5,#61AF3F
0.06,NEGATIVE,0,52.6,0.892,0.882,225.0,200.3,24.2,80.5,-7.0,78.4,#E1C818
0.52,SUSPECTED_ADULTERATION,1,65.9,0.653,0.754,180.1,192.4,66.7,74.8,-20.6,59.4,#B4C042
1.11,SUSPECTED_ADULTERATION,1,112.7,0.636,0.726,81.8,185.2,67.4,67.2,-52.4,49.4,#51B943
0.95,SUSPECTED_ADULTERATION,1,95.5,0.711,0.813,120.0,207.4,59.9,75.5,-50.5,61.6,#78CF3B
1.9,HIGH_RISK_ADULTERATION,2,198.4,0.775,0.71,40.8,138.1,181.0,54.0,-12.9,-30.4,#288AB5
1.07,SUSPECTED_ADULTERATION,1,101.6,0.61,0.802,117.9,204.5,79.7,74.7,-48.4,52.8,#75CC4F
0.28,NEGATIVE,0,47.0,0.734,0.893,227.7,191.6,60.6,78.6,-0.3,66.9,#E3BF3C
0.33,NEGATIVE,0,52.0,0.766,0.911,232.2,208.4,54.4,83.3,-7.3,73.6,#E8D036
0.02,NEGATIVE,0,48.0,0.75,0.893,227.7,193.6,56.9,79.1,-1.5,68.7,#E3C138
0.25,NEGATIVE,0,54.2,0.776,0.893,227.6,210.6,51.0,83.5,-10.4,74.6,#E3D232
2.32,HIGH_RISK_ADULTERATION,2,208.5,0.805,0.672,33.4,105.8,171.3,43.6,1.8,-41.2,#2169AB
1.04,SUSPECTED_ADULTERATION,1,104.4,0.65,0.819,108.4,208.8,73.0,75.6,-53.6,56.4,#6CD049
0.08,NEGATIVE,0,46.1,0.781,0.921,234.8,192.3,51.5,79.4,2.0,71.1,#EAC033
0.07,NEGATIVE,0,51.6,0.821,0.906,230.9,204.3,41.3,82.1,-6.1,76.3,#E6CC29
0.96,SUSPECTED_ADULTERATION,1,101.0,0.656,0.75,105.6,191.3,65.9,70.0,-48.1,53.4,#69BF41
1.67,HIGH_RISK_ADULTERATION,2,175.8,0.735,0.667,45.0,170.2,161.4,63.3,-35.0,-5.2,#2DAAA1
0.87,SUSPECTED_ADULTERATION,1,101.3,0.74,0.734,91.9,187.1,48.6,68.1,-52.0,57.8,#5BBB30
0.23,NEGATIVE,0,41.3,0.775,0.87,221.9,168.3,49.8,72.1,9.0,64.5,#DDA831
2.37,HIGH_RISK_ADULTERATION,2,214.6,0.765,0.701,42.1,99.9,178.7,42.5,9.4,-47.3,#2A63B2
0.21,NEGATIVE,0,45.2,0.805,0.9,229.4,183.8,44.7,76.8,3.9,70.7,#E5B72C
0.34,NEGATIVE,0,49.3,0.805,0.896,228.4,195.6,44.7,79.6,-2.7,73.1,#E4C32C
1.2,SUSPECTED_ADULTERATION,1,119.9,0.747,0.828,53.9,211.2,53.5,74.7,-68.2,62.3,#35D335
0.26,NEGATIVE,0,53.2,0.738,0.86,219.4,201.0,57.6,80.3,-8.8,69.3,#DBC939
0.07,NEGATIVE,0,47.6,0.754,0.88,224.3,189.5,55.2,77.8,-0.9,67.9,#E0BD37
0.02,NEGATIVE,0,56.0,0.792,0.927,236.3,223.8,49.2,87.6,-13.4,79.1,#ECDF31
0.34,NEGATIVE,0,45.5,0.674,0.859,219.0,183.3,71.4,75.8,0.8,59.5,#DAB747
0.24,NEGATIVE,0,43.8,0.833,0.899,229.2,177.7,38.3,75.2,6.8,71.1,#E5B126
1.25,SUSPECTED_ADULTERATION,1,117.3,0.676,0.779,70.4,198.7,64.3,71.1,-60.3,54.8,#46C640
1.09,SUSPECTED_ADULTERATION,1,106.1,0.594,0.703,97.4,179.2,72.8,66.0,-45.0,45.8,#61B348
2.02,HIGH_RISK_ADULTERATION,2,199.8,0.718,0.681,48.9,132.6,173.7,52.2,-11.3,-29.0,#3084AD
0.07,NEGATIVE,0,53.4,0.831,0.87,221.8,201.7,37.5,80.6,-8.8,75.6,#DDC925
0.16,NEGATIVE,0,51.7,0.783,0.888,226.3,201.7,49.2,81.0,-6.5,73.0,#E2C931
0.68,SUSPECTED_ADULTERATION,1,80.6,0.726,0.718,137.4,183.1,50.2,69.1,-34.5,59.0,#89B732
0.67,SUSPECTED_ADULTERATION,1,79.3,0.648,0.82,165.4,209.0,73.6,78.5,-34.0,60.3,#A5D049
0.27,NEGATIVE,0,48.3,0.812,0.887,226.1,190.4,42.5,78.1,-1.1,72.3,#E2BE2A
1.1,SUSPECTED_ADULTERATION,1,112.3,0.683,0.774,79.9,197.3,62.6,71.0,-57.8,55.4,#4FC53E
0.36,NEGATIVE,0,46.7,0.795,0.881,224.7,185.1,46.1,76.6,1.2,69.9,#E0B92E
0.01,NEGATIVE,0,53.7,0.795,0.893,227.8,208.7,46.8,83.0,-9.5,75.4,#E3D02E
2.24,HIGH_RISK_ADULTERATION,2,212.2,0.752,0.693,43.7,105.3,176.6,44.0,5.4,-43.6,#2B69B0
0.33,NEGATIVE,0,55.0,0.813,0.905,230.8,215.2,43.2,84.9,-11.6,78.2,#E6D72B
0.29,NEGATIVE,0,40.5,0.79,0.925,236.0,175.5,49.5,75.4,11.2,68.1,#EBAF31
1.66,HIGH_RISK_ADULTERATION,2,176.5,0.752,0.576,36.4,146.8,140.4,55.2,-31.2,-5.3,#24928C
0.88,SUSPECTED_ADULTERATION,1,82.4,0.6,0.799,158.2,203.8,81.5,76.7,-33.7,54.8,#9ECB51
0.16,NEGATIVE,0,43.9,0.812,0.88,224.3,175.4,42.1,74.1,6.1,68.9,#E0AF2A
0.12,NEGATIVE,0,54.4,0.772,0.911,232.4,215.7,53.0,85.2,-10.9,75.8,#E8D735
0.54,SUSPECTED_ADULTERATION,1,63.6,0.649,0.687,168.6,175.3,61.6,69.1,-17.2,55.3,#A8AF3D
0.18,NEGATIVE,0,49.0,0.716,0.896,228.6,198.6,64.8,80.5,-3.4,67.3,#E4C640
0.13,NEGATIVE,0,44.2,0.815,0.908,231.6,182.0,42.8,76.5,5.7,71.1,#E7B52A
1.45,HIGH_RISK_ADULTERATION,2,175.3,0.858,0.669,24.2,170.7,159.2,63.1,-37.9,-4.3,#18AA9F
0.16,NEGATIVE,0,49.5,0.759,0.869,221.6,192.3,53.4,78.2,-3.6,68.9,#DDC035
1.0,SUSPECTED_ADULTERATION,1,105.3,0.645,0.74,96.8,188.7,67.1,68.9,-49.6,51.5,#60BC43
1.52,HIGH_RISK_ADULTERATION,2,178.8,0.827,0.703,31.1,179.3,176.5,66.4,-36.3,-9.0,#1FB3B0
2.38,HIGH_RISK_ADULTERATION,2,213.1,0.735,0.726,49.1,109.9,185.1,46.0,6.4,-45.3,#316DB9
0.56,SUSPECTED_ADULTERATION,1,69.0,0.594,0.803,186.5,204.8,83.2,78.9,-22.9,57.0,#BACC53
1.11,SUSPECTED_ADULTERATION,1,113.2,0.67,0.686,71.0,174.9,57.7,63.5,-52.3,49.4,#46AE39
0.3,NEGATIVE,0,49.9,0.787,0.909,231.7,201.2,49.3,81.4,-4.0,73.4,#E7C931
0.81,SUSPECTED_ADULTERATION,1,85.7,0.642,0.68,125.8,173.4,62.1,65.6,-33.6,50.4,#7DAD3E
0.03,NEGATIVE,0,44.2,0.793,0.873,222.5,176.0,46.0,74.1,5.0,67.6,#DEAF2D
0.43,SUSPECTED_ADULTERATION,1,59.2,0.556,0.824,210.2,208.6,93.3,81.8,-14.4,56.3,#D2D05D
0.2,NEGATIVE,0,50.0,0.724,0.935,238.5,209.8,65.9,84.3,-4.8,70.8,#EED141
0.06,NEGATIVE,0,46.3,0.757,0.921,234.8,194.2,57.1,80.0,1.2,69.7,#EAC239
0.93,SUSPECTED_ADULTERATION,1,98.4,0.629,0.839,127.8,214.0,79.4,78.0,-49.1,56.7,#7FD54F
1.96,HIGH_RISK_ADULTERATION,2,191.0,0.839,0.73,29.9,157.4,186.1,59.9,-22.6,-24.2,#1D9DBA
1.06,SUSPECTED_ADULTERATION,1,105.1,0.67,0.806,102.1,205.5,67.9,74.3,-54.6,57.1,#66CD43
0.77,SUSPECTED_ADULTERATION,1,87.4,0.683,0.78,136.8,198.9,63.1,73.8,-40.9,58.9,#88C63F
0.49,SUSPECTED_ADULTERATION,1,55.6,0.662,0.747,190.4,181.1,64.4,72.5,-10.6,58.3,#BEB540
0.38,NEGATIVE,0,43.6,0.825,0.88,224.4,173.9,39.3,73.7,6.8,69.4,#E0AD27
0.23,NEGATIVE,0,53.0,0.774,0.909,231.7,210.9,52.3,83.9,-8.8,74.8,#E7D234
1.16,SUSPECTED_ADULTERATION,1,111.9,0.634,0.77,88.7,196.5,72.0,71.0,-54.4,51.7,#58C447
2.11,HIGH_RISK_ADULTERATION,2,201.7,0.842,0.685,27.6,121.4,174.6,48.4,-7.0,-35.6,#1B79AE
0.25,NEGATIVE,0,51.4,0.751,0.874,223.0,198.9,55.5,80.0,-6.3,69.9,#DEC637
0.31,NEGATIVE,0,48.1,0.729,0.859,219.1,187.5,59.5,76.8,-1.9,65.3,#DBBB3B
0.28,NEGATIVE,0,48.4,0.825,0.9,229.4,192.8,40.1,79.0,-0.9,73.9,#E5C028
1.82,HIGH_RISK_ADULTERATION,2,199.2,0.692,0.66,51.9,131.1,168.4,51.6,-11.8,-26.8,#3383A8
0.11,NEGATIVE,0,50.0,0.785,0.91,232.0,201.6,50.0,81.5,-4.0,73.4,#E8C931
0.7,SUSPECTED_ADULTERATION,1,73.2,0.666,0.757,164.9,193.1,64.4,73.9,-27.3,59.0,#A4C140
0.05,NEGATIVE,0,45.8,0.737,0.889,226.8,187.3,59.6,77.5,1.5,66.1,#E2BB3B
2.72,HIGH_RISK_ADULTERATION,2,223.6,0.703,0.652,49.4,81.4,166.2,36.7,17.7,-49.2,#3151A6
0.14,NEGATIVE,0,49.2,0.772,0.915,233.3,200.8,53.3,81.5,-2.9,72.3,#E9C835
0.29,NEGATIVE,0,55.0,0.785,0.902,230.0,214.9,49.4,84.8,-11.7,76.4,#E6D631
0.12,NEGATIVE,0,41.0,0.713,0.906,231.1,179.0,66.4,75.8,8.0,62.1,#E7B242
0.95,SUSPECTED_ADULTERATION,1,89.8,0.587,0.64,115.7,163.2,67.5,62.0,-32.3,43.8,#73A343
2.8,HIGH_RISK_ADULTERATION,2,225.4,0.798,0.671,34.6,67.9,171.2,32.7,26.8,-58.7,#2243AB
0.75,SUSPECTED_ADULTERATION,1,83.2,0.699,0.703,130.9,179.4,54.0,67.6,-35.0,56.0,#82B335
0.09,NEGATIVE,0,50.6,0.713,0.872,222.4,197.6,63.9,79.7,-5.5,66.6,#DEC53F
1.9,HIGH_RISK_ADULTERATION,2,193.6,0.746,0.748,48.5,158.6,190.8,60.8,-19.8,-25.4,#309EBE
0.87,SUSPECTED_ADULTERATION,1,94.0,0.67,0.687,108.7,175.3,57.9,65.2,-41.1,51.5,#6CAF39
0.36,NEGATIVE,0,46.7,0.725,0.881,224.7,188.6,61.8,77.6,-0.0,65.4,#E0BC3D
0.07,NEGATIVE,0,50.8,0.774,0.888,226.5,199.7,51.2,80.6,-5.4,71.9,#E2C733
0.26,NEGATIVE,0,44.0,0.742,0.881,224.6,180.1,57.9,75.4,4.3,64.8,#E0B439
0.77,SUSPECTED_ADULTERATION,1,77.1,0.651,0.741,154.0,189.0,65.9,72.0,-29.7,56.2,#99BD41
1.11,SUSPECTED_ADULTERATION,1,105.2,0.651,0.791,102.8,201.7,70.3,73.2,-52.7,54.9,#66C946
0.58,SUSPECTED_ADULTERATION,1,68.1,0.678,0.722,167.2,184.1,59.4,71.5,-22.3,58.6,#A7B83B
0.28,NEGATIVE,0,39.8,0.818,0.87,222.0,160.8,40.5,70.3,12.7,66.0,#DDA028
0.18,NEGATIVE,0,43.1,0.773,0.878,223.9,175.1,50.8,74.0,6.3,66.0,#DFAF32
0.74,SUSPECTED_ADULTERATION,1,82.6,0.729,0.707,130.8,180.4,48.9,67.9,-35.9,58.1,#82B430
0.8,SUSPECTED_ADULTERATION,1,80.3,0.634,0.804,161.1,205.1,75.0,77.2,-33.7,58.1,#A1CD4A
0.3,NEGATIVE,0,47.2,0.765,0.909,231.7,194.0,54.5,79.6,-0.1,70.1,#E7C236
0.1,NEGATIVE,0,48.3,0.753,0.916,233.6,199.2,57.7,81.1,-1.9,70.5,#E9C739
0.32,NEGATIVE,0,49.1,0.75,0.917,233.9,202.2,58.6,81.9,-3.2,71.0,#E9CA3A
1.7,HIGH_RISK_ADULTERATION,2,184.3,0.795,0.563,29.4,135.3,143.5,51.5,-25.4,-12.7,#1D878F
0.02,NEGATIVE,0,51.8,0.731,0.875,223.1,200.8,60.0,80.6,-7.0,68.9,#DFC83B
1.06,SUSPECTED_ADULTERATION,1,111.0,0.562,0.789,105.2,201.2,88.2,73.3,-50.0,47.2,#69C958
1.03,SUSPECTED_ADULTERATION,1,106.2,0.529,0.776,117.1,197.9,93.1,72.8,-44.4,44.4,#75C55D
0.19,NEGATIVE,0,47.6,0.827,0.895,228.1,189.1,39.5,77.9,0.4,73.1,#E4BD27
1.77,HIGH_RISK_ADULTERATION,2,189.2,0.735,0.668,45.2,151.3,170.4,57.7,-23.0,-18.6,#2D97AA
0.3,NEGATIVE,0,41.8,0.81,0.904,230.5,174.0,43.8,74.4,9.5,68.9,#E6AD2B
0.94,SUSPECTED_ADULTERATION,1,104.4,0.71,0.722,87.5,184.1,53.5,67.0,-51.8,54.9,#57B835
0.33,NEGATIVE,0,49.0,0.752,0.897,228.8,197.2,56.7,80.2,-2.9,69.8,#E4C538
1.87,HIGH_RISK_ADULTERATION,2,190.1,0.685,0.729,58.5,164.5,186.0,62.7,-23.1,-19.9,#3AA4BA
1.35,HIGH_RISK_ADULTERATION,2,159.6,0.709,0.653,48.5,166.5,126.4,61.3,-42.2,11.5,#30A67E
0.7,SUSPECTED_ADULTERATION,1,75.9,0.662,0.744,156.5,189.8,64.1,72.4,-29.1,57.4,#9CBD40
1.04,SUSPECTED_ADULTERATION,1,103.9,0.581,0.729,106.8,185.8,77.9,68.5,-44.3,46.4,#6AB94D
0.2,NEGATIVE,0,46.4,0.875,0.848,216.2,173.2,27.0,72.7,3.3,71.4,#D8AD1B
0.36,NEGATIVE,0,46.3,0.786,0.83,211.7,173.7,45.4,72.4,1.6,65.9,#D3AD2D
0.78,SUSPECTED_ADULTERATION,1,85.8,0.701,0.743,132.5,189.6,56.6,70.8,-38.9,58.2,#84BD38
0.89,SUSPECTED_ADULTERATION,1,92.8,0.599,0.755,129.5,192.5,77.1,71.7,-39.6,50.6,#81C04D
0.54,SUSPECTED_ADULTERATION,1,60.8,0.702,0.694,175.3,177.0,52.7,70.1,-15.7,59.9,#AFB034
0.38,NEGATIVE,0,51.9,0.784,0.872,222.3,198.9,48.0,80.0,-6.9,72.2,#DEC630
2.5,HIGH_RISK_ADULTERATION,2,219.5,0.749,0.669,42.9,86.6,170.7,38.2,15.1,-49.5,#2A56AA
0.69,SUSPECTED_ADULTERATION,1,72.4,0.641,0.717,158.7,182.9,65.7,70.6,-24.8,54.9,#9EB641
0.06,NEGATIVE,0,53.2,0.8,0.861,219.5,199.5,43.8,79.8,-8.5,73.2,#DBC72B
1.45,HIGH_RISK_ADULTERATION,2,173.3,0.73,0.725,49.8,184.8,169.8,68.1,-38.8,-2.7,#31B8A9
1.86,HIGH_RISK_ADULTERATION,2,187.9,0.794,0.711,37.4,162.5,181.4,61.5,-26.1,-19.2,#25A2B5
0.93,SUSPECTED_ADULTERATION,1,96.5,0.591,0.719,117.4,183.3,74.9,68.3,-40.0,47.6,#75B74A
0.78,SUSPECTED_ADULTERATION,1,84.0,0.589,0.784,152.8,199.8,82.1,75.2,-33.9,52.8,#98C752
0.28,NEGATIVE,0,46.4,0.783,0.861,219.6,180.7,47.7,75.0,1.4,67.8,#DBB42F
1.19,SUSPECTED_ADULTERATION,1,111.0,0.661,0.705,78.9,179.8,61.0,65.4,-51.8,50.1,#4EB33D
0.84,SUSPECTED_ADULTERATION,1,79.3,0.601,0.778,159.9,198.3,79.1,75.2,-30.7,54.1,#9FC64F
2.16,HIGH_RISK_ADULTERATION,2,205.7,0.791,0.597,31.9,100.6,152.3,40.9,-2.4,-34.2,#1F6498
0.16,NEGATIVE,0,46.9,0.706,0.89,227.0,192.1,66.8,78.8,-0.6,64.7,#E3C042
1.2,SUSPECTED_ADULTERATION,1,115.4,0.648,0.768,78.5,195.8,68.9,70.5,-57.0,52.3,#4EC344
1.05,SUSPECTED_ADULTERATION,1,97.5,0.674,0.75,110.6,191.2,62.4,70.2,-46.8,55.1,#6EBF3E
3.2,HIGH_RISK_ADULTERATION,2,210.1,0.761,0.68,41.4,107.1,173.3,44.3,2.7,-41.3,#296BAD
0.22,NEGATIVE,0,50.3,0.817,0.915,233.2,202.5,42.6,81.8,-4.2,75.8,#E9CA2A
3.07,HIGH_RISK_ADULTERATION,2,226.1,0.776,0.636,36.4,65.5,162.2,31.4,25.1,-55.4,#2441A2
0.17,NEGATIVE,0,53.5,0.745,0.893,227.8,209.3,58.1,83.2,-9.4,72.1,#E3D13A
0.67,SUSPECTED_ADULTERATION,1,77.9,0.679,0.754,153.3,192.1,61.7,72.8,-31.7,58.8,#99C03D
1.04,SUSPECTED_ADULTERATION,1,100.9,0.621,0.75,110.4,191.4,72.6,70.3,-46.0,50.9,#6EBF48
0.32,NEGATIVE,0,43.4,0.698,0.901,229.8,185.4,69.3,77.3,4.2,62.3,#E5B945
0.67,SUSPECTED_ADULTERATION,1,73.3,0.662,0.738,160.5,188.2,63.7,72.2,-26.8,57.5,#A0BC3F
0.02,NEGATIVE,0,45.6,0.773,0.931,237.5,193.3,53.8,80.0,2.7,70.9,#EDC135
0.23,NEGATIVE,0,50.3,0.737,0.942,240.3,211.7,63.3,84.9,-5.1,72.4,#F0D33F
1.32,HIGH_RISK_ADULTERATION,2,164.9,0.777,0.661,37.6,168.7,135.7,62.0,-42.2,7.3,#25A887
0.08,NEGATIVE,0,46.0,0.755,0.864,220.4,181.6,53.9,75.4,1.5,66.0,#DCB535
0.66,SUSPECTED_ADULTERATION,1,82.1,0.721,0.685,128.3,174.7,48.7,66.0,-34.2,56.3,#80AE30
0.13,NEGATIVE,0,46.4,0.784,0.84,214.1,176.1,46.2,73.3,1.4,66.5,#D6B02E
1.06,SUSPECTED_ADULTERATION,1,100.1,0.677,0.791,110.4,201.7,65.1,73.4,-50.9,57.3,#6EC941
0.61,SUSPECTED_ADULTERATION,1,70.2,0.621,0.688,157.0,175.4,66.5,68.3,-21.8,52.1,#9CAF42
0.07,NEGATIVE,0,44.2,0.758,0.932,237.7,190.4,57.6,79.3,4.5,69.0,#EDBE39
1.19,SUSPECTED_ADULTERATION,1,111.5,0.652,0.756,84.9,192.8,67.2,69.7,-54.5,52.3,#54C043
3.14,HIGH_RISK_ADULTERATION,2,222.5,0.772,0.534,31.0,61.6,136.2,28.1,16.9,-45.0,#1F3D88
0.75,SUSPECTED_ADULTERATION,1,86.7,0.634,0.691,126.6,176.3,64.5,66.5,-34.5,50.4,#7EB040
0.28,NEGATIVE,0,41.3,0.825,0.898,229.1,170.1,40.1,73.3,10.8,69.0,#E5AA28
0.37,NEGATIVE,0,44.4,0.815,0.922,235.1,185.4,43.6,77.7,5.4,72.0,#EBB92B
0.18,NEGATIVE,0,45.0,0.832,0.859,219.2,173.5,36.9,73.1,4.6,69.4,#DBAD24
1.12,SUSPECTED_ADULTERATION,1,108.6,0.61,0.699,90.2,178.2,69.5,65.4,-47.2,46.5,#5AB245
0.26,NEGATIVE,0,40.4,0.765,0.846,215.7,161.7,50.7,69.9,9.9,61.8,#D7A132
0.46,SUSPECTED_ADULTERATION,1,67.7,0.653,0.76,177.5,193.8,67.3,75.0,-22.3,59.3,#B1C143
0.32,NEGATIVE,0,48.8,0.739,0.927,236.4,203.7,61.7,82.5,-2.8,70.6,#ECCB3D
0.5,SUSPECTED_ADULTERATION,1,63.3,0.618,0.739,182.0,188.5,72.0,73.9,-17.5,56.3,#B6BC48
0.26,NEGATIVE,0,49.7,0.79,0.897,228.8,197.8,48.2,80.3,-3.5,72.7,#E4C530
0.16,NEGATIVE,0,47.2,0.768,0.903,230.3,192.5,53.5,79.1,0.0,69.9,#E6C035
0.95,SUSPECTED_ADULTERATION,1,90.5,0.661,0.813,137.7,207.3,70.3,76.4,-43.7,58.9,#89CF46
1.09,SUSPECTED_ADULTERATION,1,108.7,0.637,0.719,88.4,183.2,66.4,66.9,-50.0,49.5,#58B742
0.2,NEGATIVE,0,45.3,0.748,0.859,219.1,179.0,55.3,74.6,2.4,64.7,#DBB237
1.34,HIGH_RISK_ADULTERATION,2,171.8,0.754,0.7,44.0,178.4,159.9,65.8,-39.3,-0.7,#2BB29F
1.19,SUSPECTED_ADULTERATION,1,125.3,0.627,0.723,68.7,184.5,78.9,66.7,-54.0,43.5,#44B84E
0.69,SUSPECTED_ADULTERATION,1,81.7,0.645,0.706,137.9,179.9,63.8,68.3,-31.9,52.8,#89B33F
0.81,SUSPECTED_ADULTERATION,1,93.8,0.683,0.75,117.5,191.1,60.6,70.5,-44.6,56.2,#75BF3C
0.83,SUSPECTED_ADULTERATION,1,85.7,0.679,0.769,139.1,196.1,62.9,73.1,-38.9,58.3,#8BC43E
1.79,HIGH_RISK_ADULTERATION,2,187.2,0.697,0.606,46.9,141.7,154.6,54.3,-22.9,-14.9,#2E8D9A
0.33,NEGATIVE,0,48.7,0.761,0.939,239.5,205.2,57.3,83.2,-2.5,72.8,#EFCD39
0.11,NEGATIVE,0,46.6,0.785,0.922,235.1,194.0,50.7,79.9,1.2,71.8,#EBC132
0.97,SUSPECTED_ADULTERATION,1,100.8,0.696,0.776,104.3,198.0,60.2,72.0,-51.7,57.7,#68C53C
0.71,SUSPECTED_ADULTERATION,1,74.9,0.683,0.77,163.0,196.3,62.2,74.7,-29.8,60.7,#A3C43E
0.43,SUSPECTED_ADULTERATION,1,52.7,0.708,0.864,220.4,201.4,64.4,80.5,-8.3,67.2,#DCC940
1.09,SUSPECTED_ADULTERATION,1,106.4,0.559,0.726,105.1,185.1,81.5,68.3,-44.2,44.4,#69B951
1.95,HIGH_RISK_ADULTERATION,2,196.1,0.765,0.665,39.8,134.7,169.5,52.5,-15.1,-26.2,#2786A9
0.23,NEGATIVE,0,47.9,0.801,0.894,228.0,191.1,45.3,78.5,-0.5,71.9,#E4BF2D
0.04,NEGATIVE,0,41.1,0.77,0.902,229.9,174.1,53.0,74.4,9.5,65.8,#E5AE34
0.14,NEGATIVE,0,48.2,0.694,0.873,222.5,192.1,68.1,78.3,-2.4,63.6,#DEC044
0.01,NEGATIVE,0,44.0,0.786,0.931,237.3,187.4,50.7,78.5,5.6,70.6,#EDBB32
0.85,SUSPECTED_ADULTERATION,1,87.6,0.673,0.758,133.3,193.2,63.1,72.0,-39.7,56.9,#85C13F
2.13,HIGH_RISK_ADULTERATION,2,203.3,0.781,0.724,40.3,128.5,184.5,51.3,-6.2,-36.7,#2880B8
1.25,SUSPECTED_ADULTERATION,1,121.8,0.564,0.721,80.2,184.0,83.2,67.0,-50.6,41.8,#50B753
0.29,NEGATIVE,0,46.2,0.836,0.869,221.5,178.9,36.3,74.7,2.8,71.0,#DDB224
0.1,NEGATIVE,0,49.4,0.8,0.927,236.5,203.0,47.3,82.3,-2.9,75.0,#ECCA2F
0.15,NEGATIVE,0,47.1,0.783,0.903,230.3,191.6,50.1,78.8,0.4,70.8,#E6BF32
0.68,SUSPECTED_ADULTERATION,1,76.8,0.61,0.753,159.1,191.9,74.9,73.3,-28.3,53.9,#9FBF4A
0.7,SUSPECTED_ADULTERATION,1,76.2,0.671,0.793,165.6,202.1,66.5,76.5,-31.2,61.0,#A5CA42
0.37,NEGATIVE,0,46.7,0.793,0.876,223.4,184.1,46.2,76.2,1.2,69.5,#DFB82E
0.2,NEGATIVE,0,51.0,0.793,0.938,239.1,210.6,49.6,84.5,-5.6,76.3,#EFD231
0.35,NEGATIVE,0,57.5,0.796,0.878,224.0,216.5,45.7,84.7,-15.1,77.1,#DFD82D
0.23,NEGATIVE,0,51.3,0.765,0.904,230.5,204.8,54.1,82.2,-6.2,72.7,#E6CC36
0.25,NEGATIVE,0,45.0,0.737,0.907,231.2,188.7,60.8,78.2,2.7,66.6,#E7BC3C
0.12,NEGATIVE,0,45.2,0.807,0.878,223.8,179.2,43.2,75.0,3.9,69.4,#DFB32B
0.04,NEGATIVE,0,52.6,0.805,0.918,234.1,210.7,45.6,84.1,-7.9,76.9,#EAD22D
0.04,NEGATIVE,0,42.0,0.75,0.882,224.8,174.2,56.1,73.9,7.4,64.0,#E0AE38
0.17,NEGATIVE,0,47.0,0.731,0.91,232.1,195.2,62.3,80.0,-0.2,67.7,#E8C33E
0.27,NEGATIVE,0,49.8,0.804,0.889,226.6,195.6,44.4,79.5,-3.4,73.0,#E2C32C
0.25,NEGATIVE,0,41.5,0.74,0.848,216.2,166.8,56.2,71.2,7.6,61.0,#D8A638
0.67,SUSPECTED_ADULTERATION,1,84.2,0.677,0.779,144.4,198.7,64.1,74.2,-38.0,59.1,#90C640
0.14,NEGATIVE,0,48.1,0.787,0.844,215.3,181.8,45.9,74.9,-1.1,68.1,#D7B52D
0.24,NEGATIVE,0,47.2,0.747,0.884,225.4,189.6,56.9,77.9,-0.4,67.5,#E1BD38
0.9,SUSPECTED_ADULTERATION,1,98.2,0.635,0.732,111.2,186.6,68.1,68.9,-44.2,51.2,#6FBA44
0.76,SUSPECTED_ADULTERATION,1,86.5,0.699,0.802,141.2,204.4,61.5,75.7,-41.8,61.5,#8DCC3D
0.21,NEGATIVE,0,48.0,0.78,0.897,228.7,193.2,50.2,79.1,-1.1,71.0,#E4C132
2.5,HIGH_RISK_ADULTERATION,2,215.9,0.753,0.64,40.3,89.6,163.3,38.5,9.9,-44.6,#2859A3
0.87,SUSPECTED_ADULTERATION,1,94.1,0.759,0.761,110.4,194.1,46.7,71.0,-49.1,61.5,#6EC22E
0.07,NEGATIVE,0,43.5,0.843,0.872,222.4,170.8,34.9,72.8,7.4,69.8,#DEAA22
0.34,NEGATIVE,0,47.7,0.744,0.891,227.2,192.5,58.2,78.8,-1.1,68.0,#E3C03A
0.92,SUSPECTED_ADULTERATION,1,99.1,0.675,0.725,103.6,184.9,60.2,68.0,-46.7,53.4,#67B83C
0.4,SUSPECTED_ADULTERATION,1,60.0,0.598,0.747,190.4,190.4,76.5,75.1,-14.6,55.9,#BEBE4C
0.77,SUSPECTED_ADULTERATION,1,79.1,0.667,0.76,152.6,193.8,64.6,73.3,-32.5,58.1,#98C140
3.19,HIGH_RISK_ADULTERATION,2,216.1,0.756,0.67,41.8,93.3,170.9,40.1,10.7,-46.6,#295DAA
0.11,NEGATIVE,0,50.1,0.771,0.845,215.4,188.0,49.2,76.5,-4.2,68.5,#D7BC31
0.46,SUSPECTED_ADULTERATION,1,62.0,0.695,0.755,188.2,192.5,58.6,75.4,-17.7,63.4,#BCC03A
0.57,SUSPECTED_ADULTERATION,1,65.9,0.551,0.799,192.8,203.8,91.6,79.2,-19.3,53.7,#C0CB5B
0.31,NEGATIVE,0,49.0,0.798,0.911,232.3,198.2,46.8,80.7,-2.3,73.5,#E8C62E
0.88,SUSPECTED_ADULTERATION,1,86.2,0.672,0.796,143.3,202.9,66.5,75.4,-40.1,59.4,#8FCA42
1.02,SUSPECTED_ADULTERATION,1,106.6,0.779,0.72,72.7,183.6,40.6,66.3,-56.4,58.5,#48B728
0.01,NEGATIVE,0,46.3,0.744,0.817,208.4,172.9,53.3,71.9,0.8,62.6,#D0AC35
1.08,SUSPECTED_ADULTERATION,1,115.3,0.651,0.802,81.8,204.4,71.4,73.3,-59.1,54.4,#51CC47
0.32,NEGATIVE,0,49.0,0.835,0.902,229.9,194.7,38.0,79.5,-1.7,74.9,#E5C225
0.62,SUSPECTED_ADULTERATION,1,74.0,0.762,0.739,154.9,188.5,44.9,71.8,-30.3,63.7,#9ABC2C
0.66,SUSPECTED_ADULTERATION,1,75.2,0.531,0.771,170.0,196.5,92.2,75.5,-24.7,48.7,#AAC45C
0.51,SUSPECTED_ADULTERATION,1,67.8,0.605,0.688,161.5,175.4,69.3,68.7,-19.7,51.3,#A1AF45
0.0,NEGATIVE,0,46.3,0.783,0.98,249.9,205.1,54.1,84.1,1.9,75.0,#F9CD36
0.28,NEGATIVE,0,51.0,0.839,0.894,228.0,199.2,36.7,80.5,-4.9,76.0,#E4C724
0.0,NEGATIVE,0,50.8,0.741,0.895,228.2,202.3,59.0,81.4,-5.7,70.2,#E4CA3B
0.05,NEGATIVE,0,50.6,0.806,0.919,234.3,204.7,45.4,82.5,-4.8,75.6,#EACC2D
2.83,HIGH_RISK_ADULTERATION,2,209.1,0.756,0.696,43.3,112.5,177.5,46.2,1.2,-40.7,#2B70B1
0.35,NEGATIVE,0,53.5,0.74,0.889,226.8,208.6,59.0,82.9,-9.5,71.6,#E2D03A
0.49,SUSPECTED_ADULTERATION,1,66.6,0.631,0.715,169.7,182.2,67.3,71.2,-19.9,55.1,#A9B643
0.57,SUSPECTED_ADULTERATION,1,67.6,0.73,0.736,170.2,187.6,50.7,72.6,-23.3,63.0,#AABB32
0.99,SUSPECTED_ADULTERATION,1,100.9,0.646,0.739,105.5,188.5,66.8,69.2,-46.9,52.0,#69BC42
0.67,SUSPECTED_ADULTERATION,1,79.1,0.619,0.686,140.5,174.8,66.6,67.0,-28.2,50.3,#8CAE42
1.04,SUSPECTED_ADULTERATION,1,97.1,0.685,0.684,100.4,174.3,54.9,64.5,-43.8,51.9,#64AE36
0.89,SUSPECTED_ADULTERATION,1,91.0,0.641,0.724,123.5,184.7,66.3,68.9,-39.3,52.2,#7BB842
1.01,SUSPECTED_ADULTERATION,1,103.7,0.615,0.715,100.6,182.4,70.2,67.1,-45.7,48.2,#64B646
0.1,NEGATIVE,0,46.8,0.685,0.884,225.4,191.3,71.0,78.4,-0.6,62.6,#E1BF46
0.23,NEGATIVE,0,42.0,0.722,0.933,238.0,186.5,66.1,78.4,7.0,65.0,#EDBA42
0.69,SUSPECTED_ADULTERATION,1,79.8,0.534,0.676,141.9,172.3,80.3,66.5,-25.2,43.3,#8DAC50
0.44,SUSPECTED_ADULTERATION,1,58.7,0.707,0.834,212.7,209.6,62.4,82.0,-15.7,69.1,#D4D13E
0.6,SUSPECTED_ADULTERATION,1,64.4,0.701,0.709,171.5,180.9,54.0,70.9,-19.2,60.1,#ABB436
0.29,NEGATIVE,0,44.6,0.741,0.908,231.6,187.7,60.1,78.0,3.4,66.7,#E7BB3C
0.35,NEGATIVE,0,48.2,0.803,0.871,222.1,187.1,43.8,76.9,-1.1,70.7,#DEBB2B
0.31,NEGATIVE,0,57.1,0.765,0.886,226.0,217.7,53.1,85.2,-14.6,75.5,#E1D935
1.83,HIGH_RISK_ADULTERATION,2,187.1,0.772,0.639,37.2,147.9,162.8,56.3,-24.7,-16.6,#2593A2
0.79,SUSPECTED_ADULTERATION,1,83.2,0.558,0.673,134.7,171.7,75.9,65.8,-28.2,44.5,#86AB4B
0.32,NEGATIVE,0,47.5,0.732,0.879,224.1,189.8,60.0,77.8,-0.9,66.3,#E0BD3B
0.06,NEGATIVE,0,52.6,0.806,0.9,229.6,206.9,44.4,82.7,-7.9,75.9,#E5CE2C
1.18,SUSPECTED_ADULTERATION,1,117.7,0.605,0.751,80.2,191.6,75.8,69.3,-54.4,48.0,#50BF4B
0.99,SUSPECTED_ADULTERATION,1,99.5,0.741,0.715,93.3,182.3,47.2,66.6,-49.8,56.8,#5DB62F
0.41,SUSPECTED_ADULTERATION,1,55.4,0.655,0.784,199.9,189.8,68.9,75.7,-10.8,60.0,#C7BD44
0.09,NEGATIVE,0,48.8,0.78,0.924,235.7,201.4,51.9,81.8,-2.3,73.2,#EBC933
0.12,NEGATIVE,0,45.3,0.824,0.966,246.4,196.8,43.5,81.7,4.4,75.9,#F6C42B
1.84,HIGH_RISK_ADULTERATION,2,196.0,0.772,0.692,40.2,140.2,176.6,54.5,-15.7,-27.2,#288CB0
0.93,SUSPECTED_ADULTERATION,1,99.5,0.726,0.764,101.7,194.9,53.4,70.9,-51.7,59.1,#65C235
0.44,SUSPECTED_ADULTERATION,1,64.6,0.661,0.782,189.5,199.5,67.7,77.5,-20.1,62.0,#BDC743
0.21,NEGATIVE,0,48.0,0.837,0.917,233.7,194.7,38.0,79.9,-0.1,75.4,#E9C225
1.13,SUSPECTED_ADULTERATION,1,110.9,0.56,0.826,110.5,210.6,92.7,76.4,-51.7,48.8,#6ED25C
0.0,NEGATIVE,0,46.7,0.823,0.884,225.4,184.2,39.8,76.4,1.8,71.6,#E1B827
1.05,SUSPECTED_ADULTERATION,1,106.3,0.641,0.792,101.9,201.9,72.4,73.2,-52.8,54.0,#65C948
0.75,SUSPECTED_ADULTERATION,1,84.4,0.674,0.766,141.8,195.4,63.7,73.1,-37.5,58.0,#8DC33F
1.04,SUSPECTED_ADULTERATION,1,102.9,0.634,0.831,115.8,211.9,77.5,76.8,-52.2,56.1,#73D34D
0.25,NEGATIVE,0,42.1,0.776,0.887,226.2,173.9,50.7,74.0,7.9,66.0,#E2AD32
1.82,HIGH_RISK_ADULTERATION,2,178.1,0.784,0.752,41.5,191.7,187.0,70.6,-38.0,-8.5,#29BFBA
2.97,HIGH_RISK_ADULTERATION,2,226.6,0.817,0.737,34.3,68.5,187.9,34.3,32.7,-65.9,#2244BB
0.88,SUSPECTED_ADULTERATION,1,84.8,0.673,0.841,154.7,214.4,70.0,79.4,-40.7,62.4,#9AD646
0.19,NEGATIVE,0,48.6,0.777,0.911,232.4,198.2,51.8,80.7,-2.1,72.1,#E8C633
0.18,NEGATIVE,0,52.4,0.835,0.87,221.9,198.5,36.6,79.8,-7.2,75.2,#DDC624
2.39,HIGH_RISK_ADULTERATION,2,217.4,0.79,0.684,36.7,88.7,174.5,38.8,14.4,-50.7,#2458AE
2.56,HIGH_RISK_ADULTERATION,2,215.8,0.836,0.703,29.4,89.8,179.4,39.3,14.9,-52.9,#1D59B3
0.78,SUSPECTED_ADULTERATION,1,89.9,0.664,0.673,114.9,171.7,57.6,64.4,-37.4,50.9,#72AB39
0.09,NEGATIVE,0,52.9,0.776,0.906,231.1,210.0,51.6,83.6,-8.6,74.7,#E7D133
0.19,NEGATIVE,0,44.5,0.772,0.925,235.8,188.9,53.7,78.7,4.3,69.7,#EBBC35
0.92,SUSPECTED_ADULTERATION,1,93.2,0.63,0.676,112.2,172.3,63.7,64.5,-38.1,48.4,#70AC3F
0.8,SUSPECTED_ADULTERATION,1,83.1,0.733,0.723,132.2,184.3,49.2,69.1,-37.1,59.3,#84B831
1.59,HIGH_RISK_ADULTERATION,2,175.6,0.744,0.748,48.8,190.7,180.3,70.2,-38.6,-5.4,#30BEB4
0.26,NEGATIVE,0,47.9,0.784,0.87,222.0,186.7,48.0,76.8,-0.7,69.3,#DDBA30
0.33,NEGATIVE,0,52.0,0.828,0.89,227.0,201.9,39.0,81.1,-6.7,75.9,#E2C926
0.33,NEGATIVE,0,46.0,0.804,0.897,228.8,185.8,45.0,77.2,2.6,70.9,#E4B92C
0.8,SUSPECTED_ADULTERATION,1,85.3,0.732,0.729,128.5,186.0,49.8,69.5,-39.2,59.3,#80BA31
1.77,HIGH_RISK_ADULTERATION,2,177.0,0.801,0.639,32.3,162.9,156.4,60.7,-34.5,-6.3,#20A29C
1.32,HIGH_RISK_ADULTERATION,2,161.3,0.743,0.702,46.1,179.1,137.7,65.5,-45.1,11.2,#2EB389
0.16,NEGATIVE,0,46.8,0.723,0.887,226.3,190.2,62.7,78.2,-0.1,65.7,#E2BE3E
0.15,NEGATIVE,0,47.1,0.779,0.88,224.5,186.7,49.6,77.0,0.4,69.2,#E0BA31
0.63,SUSPECTED_ADULTERATION,1,74.9,0.638,0.765,164.0,195.0,70.6,74.4,-28.2,57.1,#A4C246
0.48,SUSPECTED_ADULTERATION,1,63.0,0.712,0.741,182.3,189.0,54.5,74.0,-18.6,63.3,#B6BC36
0.3,NEGATIVE,0,42.8,0.786,0.847,216.1,167.4,46.3,71.3,6.8,64.7,#D8A72E
0.09,NEGATIVE,0,41.3,0.729,0.869,221.6,171.3,60.1,72.9,7.7,61.3,#DDAB3C
2.95,HIGH_RISK_ADULTERATION,2,224.8,0.77,0.687,40.3,74.6,175.3,35.1,24.5,-57.2,#284AAF
1.49,HIGH_RISK_ADULTERATION,2,168.2,0.783,0.739,40.8,188.5,159.5,68.9,-44.2,4.0,#28BC9F
0.26,NEGATIVE,0,49.4,0.666,0.909,231.8,204.6,77.5,82.4,-4.4,64.3,#E7CC4D
1.39,HIGH_RISK_ADULTERATION,2,168.9,0.704,0.673,50.7,171.6,149.2,63.5,-38.3,2.0,#32AB95
0.51,SUSPECTED_ADULTERATION,1,68.1,0.596,0.757,177.5,193.0,78.0,74.9,-21.2,54.7,#B1C14E
0.08,NEGATIVE,0,48.6,0.757,0.889,226.7,194.2,55.2,79.2,-2.3,69.3,#E2C237
1.11,SUSPECTED_ADULTERATION,1,105.2,0.592,0.698,98.7,178.0,72.7,65.7,-44.2,45.4,#62B148
0.93,SUSPECTED_ADULTERATION,1,94.8,0.603,0.741,122.8,188.9,75.0,70.2,-40.6,49.8,#7ABC4B
0.45,SUSPECTED_ADULTERATION,1,61.6,0.608,0.679,170.2,173.1,67.8,68.7,-14.9,52.2,#AAAD43
0.28,NEGATIVE,0,51.7,0.761,0.895,228.2,204.1,54.5,81.9,-6.8,72.1,#E4CC36
0.43,SUSPECTED_ADULTERATION,1,56.1,0.569,0.755,192.4,185.2,82.9,74.0,-10.7,51.8,#C0B952
1.18,SUSPECTED_ADULTERATION,1,117.4,0.688,0.785,68.6,200.1,62.5,71.5,-61.3,55.9,#44C83E
2.7,HIGH_RISK_ADULTERATION,2,224.4,0.728,0.645,44.7,75.8,164.6,34.8,20.2,-51.3,#2C4BA4
0.78,SUSPECTED_ADULTERATION,1,87.9,0.698,0.773,133.1,197.1,59.5,73.1,-41.8,59.5,#85C53B
0.63,SUSPECTED_ADULTERATION,1,83.4,0.678,0.731,137.2,186.5,60.1,70.2,-35.5,56.3,#89BA3C
0.17,NEGATIVE,0,53.3,0.754,0.915,233.3,213.6,57.5,84.8,-9.3,74.0,#E9D539
0.02,NEGATIVE,0,48.3,0.78,0.898,229.1,194.3,50.3,79.4,-1.5,71.2,#E5C232
0.31,NEGATIVE,0,53.2,0.776,0.876,223.5,203.8,50.1,81.3,-8.8,72.8,#DFCB32
1.04,SUSPECTED_ADULTERATION,1,102.1,0.678,0.74,98.8,188.6,60.7,68.9,-49.6,54.2,#62BC3C
0.04,NEGATIVE,0,47.1,0.819,0.926,236.2,194.6,42.8,80.1,1.1,74.4,#ECC22A
1.37,HIGH_RISK_ADULTERATION,2,176.8,0.673,0.694,57.8,176.9,170.6,65.9,-33.9,-6.4,#39B0AA
0.05,NEGATIVE,0,45.8,0.765,0.887,226.3,185.2,53.1,76.8,2.1,67.9,#E2B935
0.54,SUSPECTED_ADULTERATION,1,59.9,0.689,0.78,198.9,198.6,61.9,78.0,-16.1,65.0,#C6C63D
0.42,SUSPECTED_ADULTERATION,1,59.3,0.598,0.75,191.3,190.0,76.8,75.1,-14.0,55.8,#BFBE4C
0.37,NEGATIVE,0,54.7,0.713,0.975,248.6,233.0,71.2,91.1,-12.0,75.9,#F8E947
0.37,NEGATIVE,0,51.4,0.74,0.915,233.3,208.5,60.6,83.5,-6.6,71.7,#E9D03C
0.35,NEGATIVE,0,48.8,0.828,0.902,230.1,194.5,39.6,79.5,-1.6,74.5,#E6C227
1.41,HIGH_RISK_ADULTERATION,2,173.7,0.723,0.628,44.3,160.1,147.9,59.7,-34.3,-2.8,#2CA093
0.2,NEGATIVE,0,50.8,0.819,0.895,228.3,199.5,41.3,80.6,-4.8,74.9,#E4C729
0.32,NEGATIVE,0,48.9,0.747,0.947,241.6,208.0,61.1,84.1,-2.9,72.4,#F1D03D
0.06,NEGATIVE,0,46.8,0.744,0.856,218.3,182.6,55.8,75.4,0.2,65.3,#DAB637
0.71,SUSPECTED_ADULTERATION,1,74.8,0.587,0.77,168.0,196.5,81.1,75.2,-26.5,53.5,#A8C451
2.57,HIGH_RISK_ADULTERATION,2,210.8,0.723,0.626,44.3,100.5,159.7,41.6,2.1,-37.4,#2C649F
0.0,NEGATIVE,0,40.2,0.727,0.884,225.4,171.2,61.5,73.3,9.5,61.3,#E1AB3D
0.11,NEGATIVE,0,49.1,0.816,0.923,235.3,200.3,43.3,81.5,-2.2,75.3,#EBC82B
1.59,HIGH_RISK_ADULTERATION,2,180.9,0.756,0.66,41.1,166.4,168.3,62.3,-31.7,-10.6,#29A6A8
0.53,SUSPECTED_ADULTERATION,1,65.0,0.617,0.724,175.0,184.5,70.7,72.3,-18.5,54.9,#AFB846
0.23,NEGATIVE,0,48.3,0.745,0.924,235.7,201.4,60.0,81.9,-2.0,70.5,#EBC93B
0.22,NEGATIVE,0,51.6,0.759,0.888,226.4,202.3,54.7,81.2,-6.6,71.4,#E2CA36
0.35,NEGATIVE,0,48.1,0.732,0.916,233.7,199.7,62.6,81.3,-1.8,68.9,#E9C73E
1.14,SUSPECTED_ADULTERATION,1,103.9,0.668,0.828,107.9,211.1,70.1,76.2,-54.9,58.3,#6BD346
0.61,SUSPECTED_ADULTERATION,1,74.6,0.614,0.759,164.6,193.5,74.7,74.1,-26.9,55.0,#A4C14A
2.86,HIGH_RISK_ADULTERATION,2,224.5,0.782,0.694,38.6,74.3,176.9,35.1,25.1,-58.2,#264AB0
0.58,SUSPECTED_ADULTERATION,1,72.4,0.709,0.792,172.5,202.0,58.8,76.9,-28.8,64.4,#ACCA3A
1.03,SUSPECTED_ADULTERATION,1,110.0,0.63,0.72,87.2,183.6,67.9,66.9,-50.3,48.9,#57B743
0.03,NEGATIVE,0,48.1,0.768,0.896,228.5,193.6,52.9,79.2,-1.3,70.2,#E4C134
0.64,SUSPECTED_ADULTERATION,1,76.3,0.708,0.703,144.8,179.3,52.3,68.5,-29.7,57.8,#90B334
0.09,NEGATIVE,0,46.9,0.679,0.836,213.2,181.5,68.4,74.7,-0.8,59.5,#D5B544
0.52,SUSPECTED_ADULTERATION,1,65.1,0.748,0.699,167.0,178.3,45.0,69.7,-20.3,62.1,#A7B22D
0.3,NEGATIVE,0,45.4,0.781,0.852,217.3,176.0,47.6,73.6,2.8,66.4,#D9B02F
0.93,SUSPECTED_ADULTERATION,1,95.7,0.701,0.748,111.1,190.7,56.9,70.0,-46.8,57.0,#6FBE38
0.35,NEGATIVE,0,48.4,0.793,0.876,223.5,189.3,46.3,77.6,-1.5,70.6,#DFBD2E
1.77,HIGH_RISK_ADULTERATION,2,186.2,0.812,0.67,32.2,156.6,170.9,59.2,-27.0,-16.8,#209CAA
0.82,SUSPECTED_ADULTERATION,1,93.4,0.661,0.813,131.0,207.4,70.4,76.1,-46.1,58.4,#83CF46
0.23,NEGATIVE,0,50.2,0.845,0.898,229.0,197.6,35.5,80.2,-3.7,76.0,#E5C523
0.17,NEGATIVE,0,45.3,0.732,0.97,247.3,203.1,66.4,83.4,2.3,70.1,#F7CB42
0.01,NEGATIVE,0,52.4,0.808,0.959,244.5,219.4,47.1,87.2,-7.9,79.6,#F4DB2F
1.94,HIGH_RISK_ADULTERATION,2,184.5,0.792,0.666,35.3,159.8,170.0,60.2,-28.6,-14.7,#239FA9
0.04,NEGATIVE,0,46.8,0.763,0.904,230.4,191.6,54.6,78.9,0.6,69.4,#E6BF36
0.08,NEGATIVE,0,45.8,0.822,0.911,232.4,187.1,41.3,77.9,3.3,72.7,#E8BB29
2.92,HIGH_RISK_ADULTERATION,2,213.9,0.81,0.7,33.9,96.9,178.5,41.4,10.4,-49.0,#2160B2
0.15,NEGATIVE,0,48.0,0.809,0.859,219.1,183.8,41.8,75.7,-0.6,70.2,#DBB729
2.52,HIGH_RISK_ADULTERATION,2,222.9,0.701,0.698,53.2,88.9,178.0,39.7,17.8,-51.2,#3558B1
0.36,NEGATIVE,0,48.5,0.776,0.875,223.1,189.9,49.9,77.7,-1.8,69.6,#DFBD31
0.94,SUSPECTED_ADULTERATION,1,93.3,0.625,0.758,126.3,193.3,72.4,71.7,-41.5,52.7,#7EC148
0.06,NEGATIVE,0,49.8,0.816,0.943,240.4,207.2,44.3,83.7,-3.5,77.2,#F0CF2C
0.07,NEGATIVE,0,44.8,0.777,0.886,226.0,181.7,50.4,75.9,3.8,67.9,#E2B532
1.17,SUSPECTED_ADULTERATION,1,111.9,0.634,0.797,91.8,203.3,74.4,73.3,-55.9,53.2,#5BCB4A
1.41,HIGH_RISK_ADULTERATION,2,168.5,0.75,0.693,44.1,176.7,151.3,65.0,-40.9,3.0,#2CB097
0.38,NEGATIVE,0,45.0,0.814,0.906,231.1,184.2,42.9,77.0,4.4,71.5,#E7B82A
1.13,SUSPECTED_ADULTERATION,1,108.3,0.65,0.681,82.8,173.7,60.9,63.6,-48.4,48.2,#52AD3C
0.05,NEGATIVE,0,46.4,0.736,0.907,231.3,192.6,61.1,79.2,0.7,67.4,#E7C03D
0.35,NEGATIVE,0,50.6,0.734,0.873,222.6,197.0,59.3,79.5,-5.3,68.1,#DEC43B
0.27,NEGATIVE,0,52.3,0.753,0.928,236.7,213.9,58.4,85.1,-8.0,74.2,#ECD53A
0.03,NEGATIVE,0,44.0,0.833,0.88,224.5,174.7,37.5,73.9,6.3,70.1,#E0AE25
2.59,HIGH_RISK_ADULTERATION,2,217.4,0.781,0.733,40.9,95.9,186.8,41.8,15.0,-53.1,#285FBA
0.19,NEGATIVE,0,50.7,0.785,0.861,219.6,192.7,47.2,78.1,-4.9,70.7,#DBC02F
0.02,NEGATIVE,0,52.3,0.845,0.923,235.5,209.8,36.6,83.9,-7.1,79.1,#EBD124
0.11,NEGATIVE,0,45.7,0.774,0.875,223.2,181.9,50.5,75.7,2.4,67.6,#DFB532
0.73,SUSPECTED_ADULTERATION,1,83.4,0.677,0.76,142.5,193.7,62.5,72.6,-36.5,58.0,#8EC13E
3.05,HIGH_RISK_ADULTERATION,2,216.4,0.765,0.713,42.8,97.6,181.9,42.1,12.2,-49.9,#2A61B5
0.0,NEGATIVE,0,45.8,0.759,0.866,220.9,181.3,53.2,75.3,1.9,66.2,#DCB535
0.27,NEGATIVE,0,49.9,0.859,0.894,228.1,195.0,32.2,79.4,-2.9,76.1,#E4C320
0.41,SUSPECTED_ADULTERATION,1,56.9,0.63,0.765,195.0,188.7,72.1,75.0,-12.1,57.8,#C3BC48
2.62,HIGH_RISK_ADULTERATION,2,221.2,0.761,0.635,38.7,77.3,161.8,34.7,17.3,-49.7,#264DA1
0.25,NEGATIVE,0,45.9,0.749,0.98,249.9,205.8,62.7,84.3,1.8,72.4,#F9CD3E
0.54,SUSPECTED_ADULTERATION,1,65.7,0.677,0.772,184.3,196.9,63.5,76.4,-21.2,62.4,#B8C43F
0.12,NEGATIVE,0,49.2,0.745,0.881,224.8,194.6,57.3,79.1,-3.3,68.5,#E0C239
0.04,NEGATIVE,0,51.7,0.808,0.929,237.0,210.6,45.6,84.3,-6.6,77.2,#ECD22D
1.23,SUSPECTED_ADULTERATION,1,122.7,0.659,0.775,67.4,197.6,73.2,70.8,-59.6,50.7,#43C549
0.31,NEGATIVE,0,42.8,0.752,0.917,233.8,183.3,58.1,77.1,6.5,66.6,#E9B73A
0.03,NEGATIVE,0,44.6,0.751,0.889,226.8,183.0,56.4,76.3,3.6,66.2,#E2B638
0.09,NEGATIVE,0,45.1,0.783,0.865,220.5,177.6,47.7,74.3,3.4,67.2,#DCB12F
0.36,NEGATIVE,0,43.4,0.772,0.931,237.3,186.8,54.2,78.3,6.0,69.3,#EDBA36
2.22,HIGH_RISK_ADULTERATION,2,205.6,0.794,0.701,36.8,118.3,178.9,47.8,-2.6,-38.9,#2476B2
0.63,SUSPECTED_ADULTERATION,1,77.3,0.623,0.752,157.3,191.7,72.3,73.0,-29.1,54.7,#9DBF48
0.48,SUSPECTED_ADULTERATION,1,65.0,0.673,0.697,167.8,177.8,58.1,69.7,-19.0,57.3,#A7B13A
0.81,SUSPECTED_ADULTERATION,1,92.9,0.654,0.684,111.8,174.3,60.3,65.1,-39.4,50.4,#6FAE3C
1.2,SUSPECTED_ADULTERATION,1,113.7,0.647,0.775,83.3,197.5,69.8,71.2,-56.4,52.8,#53C545
0.01,NEGATIVE,0,53.3,0.737,0.926,236.2,216.7,62.1,85.8,-9.5,73.5,#ECD83E
0.92,SUSPECTED_ADULTERATION,1,98.7,0.695,0.704,98.9,179.5,54.7,66.0,-46.4,53.6,#62B336
0.03,NEGATIVE,0,48.9,0.79,0.915,233.2,199.1,48.9,81.0,-2.3,73.3,#E9C730
2.45,HIGH_RISK_ADULTERATION,2,222.0,0.757,0.737,45.6,88.4,188.1,40.0,20.9,-56.8,#2D58BC
1.2,SUSPECTED_ADULTERATION,1,115.9,0.667,0.724,69.8,184.6,61.5,66.7,-55.8,51.2,#45B83D
0.13,NEGATIVE,0,46.8,0.784,0.867,221.1,183.0,47.7,75.8,0.8,68.5,#DDB72F
1.1,SUSPECTED_ADULTERATION,1,110.9,0.513,0.748,107.9,190.9,93.0,70.3,-44.3,41.3,#6BBE5D
2.42,HIGH_RISK_ADULTERATION,2,214.7,0.743,0.661,43.3,96.1,168.6,40.8,8.1,-44.0,#2B60A8
0.01,NEGATIVE,0,51.4,0.696,0.877,223.6,201.2,68.1,80.8,-6.7,66.1,#DFC944
0.98,SUSPECTED_ADULTERATION,1,97.6,0.715,0.72,101.4,183.7,52.3,67.4,-47.5,55.9,#65B734
0.67,SUSPECTED_ADULTERATION,1,74.2,0.599,0.741,162.3,189.0,75.9,72.7,-25.6,52.8,#A2BD4B
0.17,NEGATIVE,0,49.9,0.757,0.919,234.2,204.5,57.0,82.5,-4.3,72.1,#EACC38
0.19,NEGATIVE,0,46.5,0.786,0.917,233.7,192.2,50.0,79.3,1.5,71.4,#E9C031
